normal_OSCILLATING,normal_OTHER,normal_STATIONARY,anomaly_TREND_UP,anomaly_TREND_DOWN
0.07552113256643983,0.049343521710455085,,-0.026723133987391234,-0.06564014972820464
0.060021438055263276,0.043177291461332035,,-0.01954922149294941,-0.06787191863448516
0.05438243546322358,0.057094163578725265,,-0.03479904760255126,-0.04903425531573036
0.04586425854673343,0.06297581689485254,,-0.03547518088918167,-0.03573962128133845
0.07421954210434362,0.05674626511878911,,-0.036010113444549186,
0.07874592919584006,0.06124383384142923,,-0.051135184552982826,
0.041873210099308056,0.061809868212793884,,-0.028219579416650653,
0.08005417597990261,0.049841301471698796,,-0.045204943795396635,
0.07268023324203621,0.05830110486854384,,-0.05326559028208144,
0.07071763303485268,0.06575138337799502,,-0.07077072639569204,
0.07005035003599486,0.06448417845948551,,-0.061458656933428224,
0.07554275043197378,0.06139997872868075,,-0.045986065835434964,
0.0668209815168932,0.06647131084194063,,-0.008331619907672116,
0.05234362904327633,0.009108796972304045,,-0.052784659928531874,
0.07155315125329015,0.03797373196749837,,-0.14160862386612816,
0.07373760146169595,0.0008325629507038856,,-0.1450641138284886,
0.06710250883788205,0.06588733216831172,,-0.15423554351506785,
0.07189255051855054,0.009324307226031558,,-0.14444243658167,
0.06459418629162172,0.007224497770167315,,-0.14338541690362583,
0.06966945112982031,0.050073743713347274,,-0.140278752880571,
0.05920890186106187,0.032001290157951556,,-0.11824108298485447,
0.07524644112725426,0.0069648511471676056,,-0.11352445772478525,
0.06578862359563281,0.058305527010457825,,-0.09069558158860824,
0.07628633937827872,0.003738663927790431,,-0.05705700461462582,
0.058184878146456676,0.0072982099143744095,,-0.10175421153773445,
0.06996304848994689,0.059396370836877765,,-0.10571802983092271,
0.06119427034726771,0.051539286443878285,,-0.10908743979272217,
0.04517385681274272,0.015058667028292894,,-0.0791165425541337,
0.06758790034901097,0.03812875722895648,,-0.09415778691110965,
0.05926519708076827,0.04002913834362398,,-0.07354229581821403,
0.07421042330558647,0.03342805373237273,,-0.10186631160622528,
0.07496286001277758,0.041722704685821566,,-0.11262268825928778,
0.0766768096422607,0.054312969378772225,,-0.13806341742915262,
0.0676353018594032,0.0530149545983154,,-0.1576608430909101,
0.0480070151645014,0.012805363422574767,,-0.1751513000793914,
0.036892597862763554,0.05696841784168305,,-0.18964737941282106,
0.06543426421624876,0.013395130510393427,,-0.1988030468548736,
0.0734868565880829,0.05399388350518308,,-0.20357657649746763,
0.045767350067303425,0.0052740841700631425,,-0.17908569172528332,
0.07446170876318114,0.0548959930660225,,-0.19130337994180768,
0.026338012358561813,0.05352783255668031,,-0.1912331305551952,
0.01435265828900184,0.005808148766262011,,-0.1727134081332018,
0.07338552808515103,0.052201600339957854,,-0.1383863811679471,
0.07300545931353775,0.025921472150635505,,-0.11146568103640608,
0.046241600328100596,0.03957206295731097,,-0.18545514216330716,
0.0772705727220876,0.021058211447135933,,-0.18041359913724553,
0.02016296073369911,0.04112136473443506,,-0.16499806306754472,
0.07253072688885498,0.01688666470711314,,-0.1370863076638117,
0.07035486996568607,0.03738081874271759,,-0.1235203226006455,
0.051884383223548936,0.0513847541614314,,-0.11509388617328808,
0.07628349676528134,0.02358002565499806,,-0.06463696169634758,
0.060036317225252156,0.01755016736436843,,-0.04251522012254705,
0.07153166976362008,0.037428185442585915,,-0.06325639528925853,
0.028097257431276224,0.03608496063973793,,-0.04798756824597339,
0.07387570375263025,0.05228757721275762,,-0.01985575154857122,
0.06157759830658466,0.027385892604951334,,0.006825320592056872,
0.06746865608023878,0.04076957149845989,,0.012801952434303931,
0.021355433206630525,0.05333130127716623,,-0.013990073745742126,
0.06125479387360433,0.03182513589648456,,-2.4419649090390294e-05,
0.05637542982855742,0.05342739945359892,,-0.0017468267118919134,
0.06548849177556482,0.03670184579680863,,-0.014248748796669097,
0.07335874095145417,0.024774549366993526,,-0.019032415199326413,
0.019524287298338883,0.03259794289794837,,-0.03148608647868789,
0.043376598809149625,0.02375664050664339,,,
0.03165059497300382,0.012801316512337957,,,
0.06410464474018268,0.0011826130953973002,,,
0.03631994547028755,0.032701621898858946,,,
0.06465701031568183,0.028664922179924668,,,
0.06063044051178129,0.025916834086330998,,,
0.03744311399257727,0.026592218247048605,,,
0.04642177869433978,-0.002289566393713527,,,
0.04429541101316381,0.04118723921470907,,,
0.032861382051500354,0.04378358122359505,,,
0.03715339889966934,-0.024003090430981977,,,
-0.017065484110308282,0.022764050822126458,,,
0.024289574749651544,-0.020848023692749018,,,
0.06428774339329518,-0.04660057058564171,,,
0.01851336965990541,0.01750550548865365,,,
-0.026282970363315394,0.012352624097953735,,,
0.04522827058964379,-0.05478725690361852,,,
0.010027469474266915,0.026665546028709186,,,
-0.03446486284770611,-0.06034282125518209,,,
-0.0411378700496704,-0.03561651266276711,,,
0.005241266780900367,0.02840439952962165,,,
0.003176014356746193,0.015232560117714455,,,
0.06493152633476185,-0.026476932822539045,,,
-0.05249229272225764,0.0196258417650641,,,
0.06937241457138899,-0.034460871090714607,,,
-0.00582057672968922,0.005102328311056892,,,
-0.057689276318252936,-0.0542984768719702,,,
0.0680965301896368,-9.224886550424083e-05,,,
-0.06882487381259816,0.0270301908170707,,,
-0.023396662892777198,0.04980724004657261,,,
-0.01570279970742161,-0.02566006279506633,,,
0.07478876292958919,0.0588634252793,,,
-0.0872607645153044,0.00883300641366136,,,
-0.022793622381926282,0.0474408796148158,,,
0.06877730513696434,0.01589636472318684,,,
-0.09425049612184955,0.04029997816597658,,,
0.023040476471111015,0.0511214207941344,,,
0.02144364677500532,0.05382070398518535,,,
0.06417409301972177,0.04298103630153355,,,
-0.09865257661952498,0.0519288781334592,,,
-0.009398038224387395,0.052574798736852335,,,
0.034827688716915106,0.05369888957851282,,,
0.04212739639157154,0.05248703863815979,,,
-0.00916278727634351,0.06656118976378106,,,
-0.1122610957950424,0.05211889806989828,,,
-0.0029101468639982087,-0.0020173445684131264,,,
0.044765717226638635,0.07188117723083626,,,
-0.09391318022841133,0.05200925563581582,,,
-0.07571325117052907,0.053850459042790566,,,
0.04540531070684373,-0.00319568747115051,,,
-0.0019643538514708125,0.06834002729772637,,,
0.0457899088948428,-0.022096076960707756,,,
0.00018725692460530574,0.06747786709886605,,,
-0.07493069859259693,0.053340388790553306,,,
-0.07473415768802205,0.0647302200836894,,,
0.011247788653910962,-0.03424736447556198,,,
0.045361949214818675,0.04961974617177278,,,
0.04369375699285366,-0.01202107212200687,,,
-0.06725372092104465,0.036538325048242115,,,
0.013132570231663088,0.06634143874560117,,,
-0.0637660300712104,0.029549529419873544,,,
0.01313560013727777,-4.279388986200283e-05,,,
0.0432825383487096,0.05136850271516935,,,
0.0241933819932173,0.03375714892405962,,,
0.047936868136495336,0.03404349923927186,,,
-0.0653275236948998,0.030856592451315057,,,
0.049603550672563834,0.03939344961087954,,,
0.03224293723373839,0.030760800904923113,,,
-0.07494777654533602,0.04885701831931144,,,
0.05246027699454042,0.026950092962344963,,,
0.04325388814276132,0.025312954751055383,,,
-0.05542497561098403,0.05169575334974191,,,
0.05107596353196053,0.04047243989687871,,,
0.04175852411529141,0.018968586093027318,,,
-0.05384420134455026,0.016178933691699204,,,
-0.049399466405167125,0.01050275035699283,,,
0.052810045150429974,0.02307617956540603,,,
0.040105790786298945,0.00629448797659754,,,
0.056589066280004485,0.018032378879280553,,,
0.07040253684298992,0.03328630258194759,,,
-0.05643393530708629,-0.006512951330157002,,,
0.057433853419247616,0.009070537952858615,,,
0.06336872231607155,0.05219023181928367,,,
-0.05650881435220978,0.04950668423008314,,,
-0.06389529532287053,0.0006008583489473529,,,
0.05540334427732102,0.04788732429085407,,,
0.05142163167486241,-0.024432943271090912,,,
0.062353615503529525,-0.028072162686838154,,,
0.05611882330011719,0.02094892668391285,,,
-0.04549235753605485,-0.011717539132096333,,,
0.05327991500712248,-0.029516629421581175,,,
-0.05774701354617895,0.02368515951144784,,,
0.061906803053585036,-0.02890479000308943,,,
-0.045795608795886955,0.04707781990982818,,,
0.052704031659458306,-0.04986448880679495,,,
0.059049951270696344,-0.046034773185342215,,,
-0.04529424114858038,0.048110923220648305,,,
0.059498833462067025,-0.02694204593213778,,,
0.0519270284650557,0.030488131559571918,,,
0.04553917474925129,-0.004778642184426474,,,
0.03542685262807915,0.03268503895491209,,,
0.07300682771917333,0.03328058789596655,,,
0.04116871402643241,-0.004427466741033226,,,
0.007843181522149467,0.008419404184810853,,,
0.07403454031684159,0.03722986897002345,,,
0.07326734080155489,0.03286777540462238,,,
0.03476310697436069,0.05389091931615819,,,
0.041968841606422114,0.04247322838313505,,,
0.05461541910213613,0.014240418668021226,,,
0.059328694216438105,0.021259961236790914,,,
0.049828069889630344,0.017766058692051445,,,
0.025298860071498175,-0.008953865114700699,,,
0.07169273440686658,-0.016099834251567635,,,
0.0433669240402918,-0.0034197830163477105,,,
0.05286745364866274,0.027447420916084042,,,
0.055678315864351346,0.0349528907917131,,,
0.05716340703448647,0.057994363467648136,,,
0.05181827754436774,0.02919960362663576,,,
0.03409139273005346,0.03462750460495684,,,
0.053554284901484006,-0.00310972417041977,,,
0.0561438343585679,0.00676939512465069,,,
0.03716946462057047,0.05693580531018316,,,
0.06091057465667904,0.022028192701340987,,,
0.05730904669179321,0.024707451402847913,,,
0.03799562271336404,-0.02480884101555897,,,
0.05992294367696244,0.035071765043836856,,,
0.06476132052070788,0.02764168242354581,,,
0.056256656485446976,0.05991585041969116,,,
0.01187274592746801,0.0362075590326571,,,
0.06848278697192456,0.004830286730515165,,,
0.04541967057970575,5.565894388037673e-05,,,
0.05956788839057048,0.012130989660560698,,,
0.06356321373005624,0.03818195254690199,,,
0.061830753836842334,0.016380982222818974,,,
0.06550081347140246,0.04013011997341348,,,
0.02452318062056047,0.005318415998175785,,,
0.06802509268939033,0.03778121577078458,,,
0.06421800823526136,-0.02785473934763638,,,
0.05790063245645238,0.02142752282788213,,,
0.058811267484783325,0.03866939346817816,,,
-0.016164575423566696,-0.03198894210042624,,,
0.061334209803038164,0.03021464028434928,,,
-0.018304271882450263,0.01978608864603637,,,
0.04653548737437235,-0.02180943502463517,,,
0.056901988490512256,-0.012490414929682558,,,
0.04181359413077618,0.05397838242434638,,,
0.06035394744229694,0.003772672047252623,,,
0.06128168245734805,-0.008113942211213976,,,
-0.019898170362465772,0.06372504679718943,,,
0.07444587890206639,0.030966806380131384,,,
0.06403678459169876,0.04578014067289915,,,
0.06418047596575766,0.0031842062561573403,,,
0.025383066499634843,0.05599751664064784,,,
-0.027857396186740824,0.06302385391467791,,,
0.07700430003653053,-0.02246887614613441,,,
0.0654578984235133,0.021723893555519347,,,
0.08050541774179942,0.02477027004740312,,,
-0.07685687363000115,0.023876024625401893,,,
0.060878599492745045,0.06651667706521708,,,
0.01571107078033185,-0.005714834843851269,,,
0.06578447666019482,-0.005096615604928134,,,
-0.02587454558838176,-0.0035551577059629857,,,
0.08004906442050602,0.044639840494549776,,,
0.015099618826971806,0.01076464416152667,,,
-0.026686191951463767,0.06564983165607469,,,
0.06188149591334752,-0.003744539921404777,,,
0.049798958785503666,0.01624528207159731,,,
-0.024649847362588795,-0.01605726346205355,,,
-0.024846882199376086,0.065338620062591,,,
0.043509716841573176,0.017574833375491483,,,
0.01568277874721563,0.06260811073861716,,,
-0.026897077191180396,0.014369626982445816,,,
-0.07092981015156774,0.00783592542812278,,,
0.01175560613948079,0.037015832834623785,,,
-0.07216926897421794,0.062434318996778426,,,
0.016787179420505838,0.00593046305804551,,,
0.016721858907814746,0.0443721431061046,,,
0.04605569247272073,-0.019593302988859307,,,
-0.029403148868711648,0.03483357486332561,,,
0.0479947343221363,0.0240429023316725,,,
-0.06765257147891879,-0.017233505187563725,,,
0.026073313708100898,0.04222344827476493,,,
-0.021810562204577777,-0.015710013284351343,,,
0.018660771497341022,0.045485401294720285,,,
0.030795057547687132,0.025525580351681898,,,
0.023172837274353097,0.04693022660783491,,,
-0.025553094233533524,0.046735620808062095,,,
0.05401404396424814,-0.01653641078284329,,,
-0.030475423421833625,0.0645185568704193,,,
0.06077814378952495,-0.0201246607936304,,,
0.03040274986454572,0.04645206157796117,,,
0.06786973429003118,0.05016823896598499,,,
0.03819205015123078,0.010874387071566016,,,
-0.03687442065603164,0.0468541806040253,,,
0.06779635638480647,0.027599651873152775,,,
-0.03760130245036186,0.06682569600985688,,,
0.009610714611149596,0.01470514040467008,,,
0.05964259339744893,-0.0026082285095764823,,,
0.005738219150613677,0.05107703298339811,,,
-0.04047896651128979,-0.010529351344585214,,,
-0.043900834869700645,0.047271625404300466,,,
0.024983315020789265,-0.04292161135395267,,,
0.04496482406451613,0.04723140349062238,,,
0.05904630732459054,0.04493678139068974,,,
-0.05302701320475989,-0.0451970752690648,,,
0.025942977027817005,0.04680875815225949,,,
-0.03311983334279012,-0.01942983771506962,,,
0.03701504051307963,0.028999868210907165,,,
0.0544147724251437,0.02520145641271765,,,
-0.012598395348188018,-0.002112424142738656,,,
0.046732087480123696,0.05176716198949716,,,
0.04760982681963999,-0.0025485023067226553,,,
0.006555696653962384,-0.0029529412710311287,,,
0.04588968456553616,0.06587182444198236,,,
0.05447156232823541,0.04904109584478539,,,
0.04828471665207262,0.018119196120012615,,,
0.0589853587212853,0.014353533274673758,,,
0.016207795528529634,-0.0036248736299338558,,,
0.07026833902842577,0.029839437197302365,,,
0.01958329543373627,0.010349066664815387,,,
0.0482439428858874,0.041719237448507696,,,
0.02544838408364336,0.037651663878370656,,,
0.06642793800474128,0.042345241254456434,,,
0.0386487639011987,0.04125420691489551,,,
0.06396241382885481,0.03913461594393963,,,
0.03954997966202639,0.038498696345718064,,,
0.025464634523214513,0.03604685226921667,,,
0.060227145573003626,0.022003607269033443,,,
0.029637894024947153,0.031296552011569834,,,
0.037548167820172174,0.022563671215704684,,,
0.04757452609626983,0.06323392383054022,,,
0.06327032613865785,0.0222593466736683,,,
0.029040355337444146,0.024255611571725566,,,
0.050910433978217096,0.023236541841030134,,,
0.0585372508642793,0.011519396371193646,,,
0.03721487195293416,0.048137254201925384,,,
0.05574625651611281,0.04946915362524856,,,
0.05105071498354152,0.04847884967127253,,,
0.049913827299660984,0.0031829480170739166,,,
0.032441429489848184,0.020960256513825215,,,
0.06323830562300325,-0.0013421214913235668,,,
0.048699663542946414,0.0644542680490725,,,
0.06530610353342103,-0.006736204814348223,,,
0.045958919098181006,0.06267432412039065,,,
0.03129589240334818,-0.037733445297655765,,,
0.030361000351982137,-0.006920531820091613,,,
0.07074494144401039,-0.010818184834567202,,,
0.07150541507200531,-0.07679988882453403,,,
0.049274315834895166,-0.000834388425428878,,,
0.01184142416406847,-0.054859278712168,,,
0.06776084888236944,0.011288844963017963,,,
0.0682772214553139,-0.02874135799587685,,,
0.06182627478925706,-0.058913369377250335,,,
0.050580679508996085,-0.07027014437862322,,,
0.03534013326627522,-0.038466564063621145,,,
0.05492976999052801,0.009081230444014265,,,
0.07314165162763442,-0.06687781685234828,,,
0.06403116945548765,-0.06856045226327379,,,
0.06586091516475134,0.05095058119113155,,,
0.07140092173016227,-0.05593071742474587,,,
0.05263285000835177,0.05061318896116418,,,
0.054902548876845925,-0.05886407413079431,,,
0.07642074739926041,0.048233521642175425,,,
0.07471492336893176,-0.008918694049494913,,,
0.0552132550973119,-0.05082127122018343,,,
0.05230139414408974,0.005294196505808868,,,
0.07424023543103797,0.04828452739246819,,,
0.05204256476980462,-0.023757564157444455,,,
0.07380218086144591,-0.0583855357538845,,,
0.05733059002824259,0.04765565353415924,,,
0.06403290172011805,-0.015263697751961736,,,
0.047803987167222284,0.048313606893109096,,,
0.05686781014180481,-0.021426678535491517,,,
0.054803134788770747,-0.03219661085161707,,,
0.04609380463920487,-0.03154386693377731,,,
0.05931417049624299,-0.032820852756269336,,,
0.06118313315266144,-0.0022358378101466903,,,
0.0565595235695574,0.027833752968889847,,,
0.07212207442844842,-0.005596513644030354,,,
0.06393743143576974,-0.003634198863798732,,,
0.07323556167811679,-0.051901775922209015,,,
0.05306204431949452,0.008575816017138416,,,
0.07951922846651133,-0.0025903360033663336,,,
0.07297816781957545,0.020946069923727384,,,
0.07527936108024164,-0.01990529092078913,,,
0.08073151891768021,0.045084012337593016,,,
0.04576760952805137,0.011645380556048635,,,
0.04657555061946933,0.030717178145025004,,,
0.07603044185000307,0.027969703988500627,,,
0.07889169678902724,-0.0031292263267564957,,,
0.07464430974304814,0.04954017476370409,,,
0.051985632282975036,-0.040058992198253485,,,
0.0760186069436029,0.06289504307692467,,,
0.06046535524397878,0.04357075606702365,,,
0.07584591042942196,-0.010860813142355707,,,
0.064213510673086,0.06918765089923684,,,
0.05980850175766822,0.05050939853642139,,,
0.06919997904192521,0.01172057400461124,,,
0.05316027796053879,0.06806367039008016,,,
0.049432379424147244,0.009103455427618035,,,
0.05565500147132041,0.031196888532354528,,,
0.06701181827454367,0.04858659432795803,,,
0.05872521345937781,0.050235471159489564,,,
0.053707287678996074,0.04841501661479891,,,
0.05897949184678092,0.03283688802510881,,,
0.04728929675108695,0.035456300962597,,,
0.06239821961468267,0.03339063916409629,,,
0.053631346700551585,0.038403906633852514,,,
0.05860726993268012,0.05517258315081547,,,
0.046171077763855595,0.055175595321886206,,,
0.0508603507000947,0.05784466264552868,,,
0.059337768868573115,0.054369604407629946,,,
0.06082988204328432,0.03447110193745723,,,
0.061736324287220756,0.05215077400331092,,,
0.06267089337008208,0.040587186094388994,,,
0.05585917265954615,0.05099520136518887,,,
0.0645996047961368,0.04457132743590003,,,
0.043061542099560035,0.03585082475176604,,,
0.05345897404997435,0.06227043691872386,,,
0.019771072216049734,0.037182353980403315,,,
0.07115759524719928,0.009674700453782381,,,
0.05855797129273016,0.057248821048907994,,,
0.07774011067188669,0.052241952094991106,,,
0.02566677595958544,0.0017691932202079652,,,
0.06805111718170981,-0.017309824254087225,,,
0.08052289814540081,0.05594261972598186,,,
0.04242559014552316,-0.029818341046471852,,,
0.07329643104738448,0.052397054464262405,,,
0.07825360525995234,-0.028262541741721714,,,
0.0755580671452929,-0.0301960654163822,,,
0.06015648597541068,0.04176148483652192,,,
0.034086385263836616,0.056480316117452856,,,
0.06652470243161451,-0.05105650669945849,,,
0.04720722465777938,0.06371636962040783,,,
0.0666720105875358,0.05723643832925157,,,
0.05291350797541344,-0.03691806946779319,,,
0.036382551440845234,0.06470822794394371,,,
0.07254051095522546,0.05865573571226079,,,
0.07354638502286032,-0.008556140706807158,,,
0.05356973370261503,0.06439885122580652,,,
0.0421277856172117,-0.029367795786149342,,,
0.052030207507392956,0.0502335193256912,,,
0.05735840608792475,0.003900533246534943,,,
0.05814272316413305,0.04834800081499896,,,
0.055293876271163944,0.05796355068800224,,,
0.04799093957324302,0.04259889872429884,,,
0.05327732024458687,0.05817569976424175,,,
0.03920287630943897,0.04674997959866084,,,
0.018539902739733882,0.06242660267309669,,,
0.04856585719329465,0.057174992292879645,,,
0.05546955246304569,0.05721055361675892,,,
0.03275719199465865,0.03984849003706975,,,
0.01820182346913818,0.009562279910236615,,,
-0.010577765213208912,0.008504032012447371,,,
0.055573380702849784,0.036538600699307255,,,
0.01760078501223461,0.04401662591475236,,,
-0.02951982692409283,0.06365729715594426,,,
0.05796076248592891,0.04795724855318856,,,
0.05695936827044917,0.06743549949914052,,,
0.014798978322272893,0.06577300998801305,,,
-0.04518869302605899,0.06809060281328816,,,
-0.054117066590203766,0.05269231758741899,,,
-0.06348801986761043,0.03667836053623397,,,
0.01537518653819897,0.036098729422724685,,,
-0.06585651783662883,0.009440335201508665,,,
0.019756853669229857,0.03508513632363952,,,
-0.06317482547200548,0.03703181799169508,,,
-0.04734526201501865,0.039944929718393696,,,
0.009939800975855895,0.040155246084977836,,,
-0.04379427069588693,0.03937817151442424,,,
0.006331263300782819,0.05191586675103099,,,
-0.04372135971219171,0.0425294774576252,,,
0.024288247110537287,0.018829319623232088,,,
-0.022272193057591205,0.04144044155836468,,,
0.031137342245392496,-0.06245590834258452,,,
-0.013322923256904928,-0.08211298702737269,,,
0.05583806143126696,0.047691023911782204,,,
0.027770828146389093,0.027949123635195694,,,
0.0013744699625521939,-0.10900438054524275,,,
0.05699082058718136,0.04272195458011646,,,
0.020252458746175983,0.0010940508068891797,,,
0.0185799696856932,0.045096628671461914,,,
0.06034602291747854,0.04193357312098517,,,
0.06406161773839802,0.022460701841059305,,,
0.01762073218542526,0.062362930242626124,,,
-0.0025040009187745627,0.024480974775992592,,,
-0.0028100125675687426,0.038486674088427764,,,
0.060900736853330695,0.04209139264757045,,,
0.018239737700286696,0.017903838461821253,,,
0.05503832587349977,0.012435042847607103,,,
0.018325905952573884,0.015804188101454952,,,
-0.008005183434579066,0.035050245260474455,,,
0.0724420836966218,-0.056704461476019596,,,
0.013990070946820476,0.04252872185882778,,,
0.02600269273117467,-0.09697573078909383,,,
0.0747828016824309,0.04020772714023535,,,
0.021247410893372176,0.033592555427098936,,,
0.02719312329811574,-0.10403712553044264,,,
0.07506103950565635,0.043979594916000675,,,
0.00594040967126791,-0.11029487660722703,,,
0.019355873596138273,-0.04997525290307958,,,
0.07887726950954055,-0.006465512875034718,,,
0.007348534956334085,-0.07304682393229778,,,
0.026610111852253426,0.007932783526952092,,,
0.024515749443172252,0.03475949003976708,,,
0.006594268466986686,0.03447192931834964,,,
-0.015092287085405831,-0.06424248602714866,,,
0.020471416773712114,-0.00041212533929613215,,,
0.01120369488237244,0.03625335841793109,,,
0.021366489366370034,0.00528849664569947,,,
0.05588611254184289,0.03781484181756273,,,
0.07751979619596122,0.01099541624212641,,,
0.053763953747866244,0.013734419721010582,,,
0.0006991474244317231,0.035890569113447235,,,
-0.006630928735066155,0.04305367652397302,,,
0.08024453233604611,0.03512723653046873,,,
0.004334141215822485,0.031214312731333516,,,
0.05050791942158106,0.01784227272056038,,,
0.047938802526827806,0.022657856709194457,,,
0.003782472993562991,0.03300880552892882,,,
0.024424488907687114,0.023621496014555765,,,
0.07862547678267834,-0.009980162306107654,,,
0.02850690397915734,-0.0020652545147898937,,,
0.055652988395260616,-0.006676072458827731,,,
0.05363162425582457,-0.0011227245529237262,,,
0.053643600945362135,0.0189295351878756,,,
0.024290185391776353,-0.006595372659483623,,,
0.03674370658256432,-0.0021071080100491524,,,
0.07754864768750047,-0.005943147668637572,,,
0.05663095257626949,0.02153274293023194,,,
0.04518440450648048,0.027282836320202453,,,
0.05691102442139295,-0.016338354339909766,,,
0.05641799261591168,-0.0012380575186369813,,,
0.07600698957765795,-0.0026985791624536404,,,
0.03310862643009438,0.01014779271032834,,,
0.023578318110617558,0.03375214570758378,,,
0.05461355360600384,-0.009743659051141218,,,
0.05843087314210732,0.006001918879256329,,,
0.07608833226919764,-0.007837086067167931,,,
0.05105856013430199,-0.0017905992090294087,,,
0.05196629042533685,0.037574665410815944,,,
0.06289394013492733,0.04816091609593787,,,
0.06276875729244641,0.056785281051504155,,,
0.026991602582899787,-0.028755862200949833,,,
0.07511065387467941,0.06657286969680914,,,
0.05619622084856024,0.004393806550236856,,,
0.03628563530544665,0.055170430441706664,,,
0.0713573058971923,-0.013044594031657142,,,
0.07022764061549369,0.01688666470711314,,,
0.05096314721820561,0.06290459412356642,,,
0.0583830654215301,0.03906350507500639,,,
0.04991740524152333,-0.004842248975230945,,,
0.07121433970376134,0.0398263945169291,,,
0.048858886620342046,0.016987497016229203,,,
0.04833879837985294,0.033258357144810125,,,
0.07240750759365683,0.029385313631333954,,,
0.029335125110271865,0.028370158696283565,,,
0.04730082402771835,-0.026551123844928803,,,
0.06825409642604346,0.06023885096205889,,,
0.07015374198198693,0.04951871783607936,,,
0.0488414753992466,0.03548205430187279,,,
0.05514469223687152,0.004507062822728225,,,
0.057903521355253895,0.03026253883673724,,,
0.0695660556972249,0.030227451412262685,,,
0.0737095439505488,0.011619524213670518,,,
0.0549337668954592,0.011459517952379705,,,
0.07575447935416985,0.033289751050115446,,,
0.06326700220494208,0.033924919149057486,,,
0.06832316959908069,0.039094516076484676,,,
0.08059061190420119,0.04543118750447256,,,
0.05370265792840667,0.04920819056007575,,,
0.04629423295433588,0.030813676878372498,,,
0.06263633783594452,0.0241328158628365,,,
0.053701925453001675,0.02005282161616262,,,
0.0645579112973993,0.036164593488157815,,,
0.07791705056407477,0.0511547045405194,,,
0.025938699433010748,0.010684439291494874,,,
0.04430870563034933,0.026290990824174354,,,
0.05592365763505214,-0.020047761400891595,,,
0.061092067680034,0.0361696108911036,,,
0.07566739217024793,0.030219010461415674,,,
0.04270307218523789,0.06043748080283312,,,
0.059965541215644014,0.040969556784654804,,,
0.07015541862848712,-0.030047479280016165,,,
0.03765107057205247,0.031029868569719066,,,
0.04213700414614763,-0.04432165746049366,,,
0.060866278375039995,0.05837063159794492,,,
0.04709882579921776,0.035052075475009936,,,
0.042279569698186914,0.05916884134606126,,,
0.01775045103642514,-0.0539978440851685,,,
0.04353340465352107,0.034221048752062555,,,
-0.02083324538512732,0.03477564347065587,,,
0.03709402957010338,0.03178276652633322,,,
-0.022437469195824955,-0.019074128423745396,,,
0.021072368902149863,-0.10140207228007336,,,
0.001876801934222072,-0.0871057763605978,,,
-0.07496396715606723,-0.07489497923246669,,,
0.0742629335961959,-0.07717143511960756,,,
-0.07706633898414483,-0.07813347654509173,,,
-0.0016977454740262354,-0.10094821305302626,,,
0.06680085094695692,-0.07991969548066191,,,
0.07677750674546807,-0.08621811748627983,,,
-0.02384066346271091,-0.09378114438436658,,,
0.029922563147941283,-0.08122218167465911,,,
0.07368271833616724,-0.10856093435002523,,,
-0.020413922984950206,-0.0889148624505407,,,
0.03212353744169849,-0.11662198128720536,,,
-0.02091525082783141,-0.10181233848435944,,,
0.03655611275438514,-0.12340996712787289,,,
0.07111160776746,-0.08310131532600407,,,
0.01597661832669628,-0.1282801669205912,,,
0.07551936007252819,-0.07708771539594284,,,
0.01845823893203652,-0.07558772236153821,,,
0.03972570376973811,-0.12867477367759494,,,
0.022084090842952153,-0.12436464863009011,,,
0.04315548163956506,-0.08953089938472836,,,
0.04019216319236413,-0.11164819532776049,,,
0.041448603018380215,-0.1047075320718126,,,
0.061673173508798085,-0.11742347585836865,,,
0.027892587494661114,-0.10919670526117808,,,
0.061965538165566325,-0.10371770788923595,,,
0.07119406785173077,-0.11503147342967235,,,
0.027767604250243827,-0.07511512517163887,,,
0.0415421049694637,-0.09512054771009937,,,
0.02986827139174625,-0.08260313646995077,,,
0.061444466547875165,-0.04248029039996737,,,
0.040856514299171254,-0.028559995349682454,,,
0.02836644597447141,-0.07751504384243646,,,
0.06338728558030743,-0.07763771218059845,,,
0.07117184185255088,-0.08071906941257567,,,
0.06976624954818633,-0.11381102929111486,,,
0.0693624913096752,-0.09351056564186178,,,
0.06617387882552173,-0.12006987572374728,,,
0.07139321078915939,-0.12734688600217925,,,
0.061173667910639606,-0.1428829427281071,,,
0.026534379698533894,-0.14359499710668377,,,
0.0667094634544968,0.006965074724328335,,,
0.07505721768362328,-0.17186739038851362,,,
0.035899788244395436,0.014669783574771222,,,
0.07543758740687045,-0.014252758405211507,,,
0.071812353671453,-0.13684288667648226,,,
0.03461488070087554,0.015737619481041742,,,
0.06526558708661079,-0.044988622773273756,,,
0.06948224563579825,-0.06713848271540002,,,
0.06315087140081915,-0.11254879315543331,,,
0.07039500879053479,-0.049028991830144086,,,
0.03227426752894286,-0.10936053646062449,,,
0.07260588377447308,0.011663019939160912,,,
0.07324071104752589,0.003964358298484849,,,
0.06981324704294295,-0.10542718009401575,,,
0.033685958481884215,-0.04493265104768229,,,
0.0644010755504737,-0.06266979447259591,,,
0.07209249242525856,0.0109299534833458,,,
0.0726069985274242,-0.09953175639353051,,,
0.05140642272023371,-0.05365845484151355,,,
0.031930047538799244,-0.07866869146044553,,,
0.07302016408617162,-0.08651382626048254,,,
0.07344364051435676,-0.0004641231842739679,,,
0.05017571768522672,-0.08950694757317712,,,
0.03315971799894224,-0.09435435144324378,,,
0.043661070370480115,-0.08508243260364812,,,
0.03611875094701478,-0.08466628992416392,,,
0.06831871200626771,-0.10097233288402152,,,
0.02208697548325622,-0.05454199744060173,,,
0.06155690722877699,-0.11462132249067136,,,
0.056126540273235936,-0.10447519772147584,,,
0.05886473793593028,-0.11635114407236324,,,
0.058573321040399584,-0.043271416133132234,,,
0.054703877031458625,-0.07538141638168783,,,
0.04460166317309383,-0.10443405096501712,,,
0.025247421576773954,-0.04772211615346389,,,
0.03718616513874856,-0.09589424507911037,,,
0.06243280993719669,-0.11652632289513165,,,
0.05263857291026447,-0.09067240244353691,,,
0.050908245585845224,-0.10708250041926859,,,
0.07886060268925005,-0.0498331522627109,,,
0.05825434894983328,-0.1359252284981881,,,
0.054891355094282834,-0.13904165995433748,,,
0.03509445452298554,-0.02235679501533039,,,
0.04275756521044166,-0.09286106022625218,,,
0.07562482795902353,-0.05596944993208752,,,
0.053361990468044906,-0.018570394720889005,,,
0.05721883453839127,-0.08600255569757487,,,
0.03663755521132178,-0.18454734025768071,,,
0.05087816250921623,-0.08334689160750497,,,
0.05121311470376072,-0.03951344712983729,,,
0.04663865865489086,-0.0759225679330523,,,
0.05085479140346422,-0.0833681296385188,,,
0.07483410414601255,-0.17226869458480576,,,
0.06441695651008789,-0.036934501220908134,,,
0.06627156424555786,-0.08183640864827779,,,
0.04490230235021375,-0.159301409009464,,,
0.04620948396316715,-0.0892789410667677,,,
0.06201788152903265,-0.03219340863640208,,,
0.04887697699286858,-0.07496179808326808,,,
0.059482227879964766,-0.08679056408860086,,,
0.06243017535365902,-0.03421601121134554,,,
0.04455098113180167,0.028657652469267103,,,
0.04515563215166807,-0.0913635553674117,,,
0.041141860465917,-0.08162739740590075,,,
0.04614801534373775,-0.09275489009919491,,,
0.06086384783877097,-0.03454408495658157,,,
0.058903404261999304,-0.06805853039158516,,,
0.05964477535754498,-0.0990326489018698,,,
0.03707274731821547,-0.06325552708875293,,,
0.05774051271268926,-0.012646344749344507,,,
0.046642045068645555,0.006612903450726237,,,
0.059188258485916745,-0.0669493245945525,,,
0.049910058394846746,-0.10371141809307327,,,
0.04968724147284115,-0.07338492600818058,,,
0.028328125216034006,-0.09784454917352237,,,
0.059886745380469564,-0.0955627842300989,,,
0.05068278058571274,-0.10016970748739817,,,
0.05021612497642036,-0.054052380326584104,,,
0.017861398559851527,-0.09926110180765568,,,
0.06176800742465344,-0.05826348090980482,,,
0.0512152444871824,-0.08764648769230943,,,
0.050854770968443985,-0.030416409937537026,,,
0.007985371947207387,-0.0863826485321374,,,
0.06010519967300759,-0.03296352674948566,,,
0.052421431143072905,-0.07921568740544771,,,
0.05223970770392772,0.005779804454514148,,,
-0.0014773275106795825,-0.0013699917011890106,,,
0.054944816065449265,-0.07586252342814159,,,
0.05259022740821967,0.02504833347577934,,,
0.06212485578642013,-0.06448170671605558,,,
-0.0017943922375604493,0.03471506676908498,,,
-0.001119159428067673,-0.023872501804978852,,,
0.06295835909474007,0.03895616947822683,,,
0.003717841744124817,0.0032656038659508724,,,
0.06251798160886463,0.027112282068704918,,,
0.05554785386009892,0.06002138825988168,,,
0.05347596800450205,0.025964865226805578,,,
0.05971867006581827,0.06708896808900788,,,
0.053790388273531664,0.05463543236914242,,,
0.03975744562532796,0.06675797977786624,,,
0.059215393806950845,0.05265290532193745,,,
0.05348472815612104,0.038311207200642905,,,
0.05555578386344262,0.057036974357837444,,,
0.06607129569752862,0.06601016313053631,,,
0.05327777410723605,0.056757685312787465,,,
0.03282673936295788,0.04500398440287773,,,
0.07130806218435615,0.021021218908107597,,,
0.05603169318194451,0.03981931901114094,,,
0.0662667901813967,0.020369241684336348,,,
0.06150053452820703,0.017643671988095022,,,
0.06562167756817033,0.023291737620810216,,,
0.049930038237802676,0.023455858991598466,,,
0.05498330750275021,-0.008177742613217964,,,
0.06342465888121446,-0.007087201777021157,,,
0.04374787191593549,-0.00889444842723236,,,
0.049930038237802676,-0.006758912475265777,,,
0.06493522357922404,-0.006395613809333567,,,
0.05023565053329099,-0.0036349545421432983,,,
0.06338774271023556,-0.058598274341255974,,,
0.04943382644160843,-0.05771085950082522,,,
0.062408942586054894,-0.057134893906655826,,,
0.05822010423378321,-0.05874277016814078,,,
0.05770290391911326,-0.05144946457164623,,,
0.05676304151130568,-0.05183014309424394,,,
0.0487285215252084,-0.016374749808039935,,,
0.05305794464031943,-0.026347195486071284,,,
0.04572082637621849,-0.03566974790928201,,,
0.0619210155504622,-0.04281656406712886,,,
0.050945347735318613,0.05757523831429423,,,
0.06493557823627849,0.05232661212526324,,,
0.04857381465341082,0.00775427760801034,,,
0.06439475294227265,0.0023699010989355895,,,
0.0653426105047441,-0.018546480990403513,,,
0.06407365232861251,-0.020774019488363438,,,
0.06362305839157367,0.0015224267921959411,,,
0.06483145369754617,0.027893389394028578,,,
0.0708523753477755,0.054605568943962124,,,
0.07163573746183444,0.051951218326585724,,,
0.0714118252551284,0.048466989198423405,,,
0.06828867164387836,0.04714063641869515,,,
0.0662685070272564,0.04558428640639184,,,
0.06217387121406248,0.04392557497268473,,,
0.05553860444228237,0.03903605782641728,,,
0.051542349756059036,0.03170835346005252,,,
0.04679714476260827,0.032953702353795744,,,
0.044584908003915735,0.041693616354297136,,,
0.0500358896716373,-0.04479312769126276,,,
0.05114205301895469,0.0319599484139062,,,
0.06387601206672366,0.05717383230904938,,,
0.05283329467632181,-0.04961541710319839,,,
0.05799028792955396,0.052205787895084066,,,
0.04657128879952527,0.035983686397303705,,,
0.04751451661837558,0.05662428594494778,,,
0.06122220926944888,-0.050548452323472826,,,
0.06187254643802753,0.011596129214847317,,,
0.0509269959827332,-0.06354790567989066,,,
0.062145459252702206,0.053992803589582805,,,
0.06110727446823261,-0.07185055580337918,,,
0.046450768444040114,0.02430861635507353,,,
0.059894810817933686,0.04476122669404414,,,
0.054745221118456255,-0.093340932550249,,,
0.05028322232671795,0.05997930721616018,,,
0.03249882004318827,-0.09712379742148036,,,
0.0375853744468061,0.04802304350491554,,,
0.0556416257074695,0.024476830122217297,,,
0.025080784049205107,-0.1045754747124189,,,
0.0407614326050319,0.044770407833333525,,,
0.038437534766156134,-0.11072398657597304,,,
0.0078025716978080695,0.020756114084760746,,,
0.010156243199733406,-0.1064038968692137,,,
0.05359547764951167,-0.10247218415016501,,,
0.05934414482099365,0.041194179273854215,,,
0.05937176491376789,-0.08674498162873923,,,
0.018650310120696956,0.05135159756513502,,,
0.025759220053119092,-0.06707937774266637,,,
0.06515435349343085,0.04675325447467493,,,
0.023357797377361156,-0.05119373670350058,,,
0.029830772454492727,-0.0388043287523806,,,
0.07033194047709074,0.03141695095170899,,,
0.047748311991158754,-0.018100579489399193,,,
0.03237918964448255,0.011802268687489681,,,
0.07722091988655899,0.0118738431942495,,,
0.034990047814284275,0.012796174677524474,,,
0.07387329893933414,0.03201077090257742,,,
0.03217854010860466,0.042228814048979324,,,
0.07323519028915926,0.0455445047867552,,,
0.05282013208779485,0.042292561969988374,,,
0.04675166105057815,0.0389266862636552,,,
0.02838653640738642,0.049883255656045844,,,
0.06567881459755798,0.0617532514432908,,,
0.0465999435517353,0.0597972434334032,,,
0.022231026399277487,0.044796197558228834,,,
0.0665016829935201,0.061228509818411325,,,
0.05263216677338767,0.05828124476317437,,,
0.03269092697895354,0.06009291029070862,,,
0.03733227880319745,0.04022774025875864,,,
0.0278017812066782,0.04504806322900412,,,
0.03590256609779491,0.05973243829606578,,,
0.01571270102808031,0.017174870736197556,,,
0.032251146747337145,0.036931459453173554,,,
0.038398537963922286,-0.020118867913465066,,,
0.01253569514838826,-0.02656845772789762,,,
0.036310487118778656,0.02345582877595981,,,
0.00932538683515266,0.061321317564956235,,,
0.03875779168485066,0.00715945866852058,,,
0.04140482683844343,0.023708657656620835,,,
0.043010108478513887,0.005791778465887909,,,
0.033201274283280235,0.009230010366446051,,,
0.0027347323712803018,-0.014028865445693706,,,
0.032551757753905675,-0.028567158479110843,,,
-0.016068687575646612,-0.03991410926484262,,,
0.014836264540304789,-0.009033562278212837,,,
0.03576408165012657,-0.0066037930625642005,,,
0.033462202809953046,-0.04470103166783812,,,
-0.017615298968207738,0.04778370090926953,,,
0.007342764257689927,-0.04439583549159365,,,
0.02215408564912008,0.025873146397758062,,,
0.02953092039891675,0.056845515041842376,,,
0.039353992618809897,-0.009106724213913175,,,
0.03803997543961468,-0.042467122587575123,,,
0.05460845333949588,0.06354659795121903,,,
0.02238753895695933,0.0286552146576049,,,
-0.03154997805651627,0.06920823856254438,,,
0.04856005824926324,-0.04877717096321699,,,
-0.0225802176355549,0.015207412213688598,,,
0.06026430521143722,0.06924344539848531,,,
0.057768073142754506,-0.02494556581282603,,,
0.01522271172665518,0.023774208270326724,,,
0.032610891409903364,0.02872408339225896,,,
0.05001499683964672,0.018070869883424823,,,
-0.002271481534484754,-0.05227942912697858,,,
0.010447900600235871,0.06915601055839149,,,
0.010293384920167903,-0.026355789134292262,,,
0.046161702074279554,0.01635622829459077,,,
0.012458071980302077,0.05235622864953948,,,
0.029846426970988604,-0.025691589645468027,,,
0.017504532486056046,-0.023024612737018557,,,
0.02902967316842725,0.06773340374818021,,,
0.05365410422144662,0.048700080995786654,,,
0.048439782131543596,0.0004791065595228794,,,
0.06236193106174298,0.00032848293450704613,,,
0.0131404305151967,0.06810663577385279,,,
0.047384830037468684,0.06628188636605614,,,
0.04877371608363695,0.0014308741062609154,,,
0.0614786520262709,0.0006356300002409165,,,
-0.0018386853053271035,-0.01492790936304067,,,
0.04717220886768797,-0.0031253049090893548,,,
0.04253068900317036,0.061696623631270264,,,
0.0586774371348604,-0.0012476757943650774,,,
0.04311716608107147,0.05654301297344666,,,
-0.02739112616017264,0.0023123813227404755,,,
0.011502093595943175,-0.014745850821906548,,,
-0.05311821372997094,0.040356726538244736,,,
0.04786866639497467,0.002793310316647979,,,
-0.029506697302767226,0.015237412977757214,,,
0.07260975575682643,0.022675838859068154,,,
-0.05363028390043845,0.03930237065840808,,,
0.060762732572612,-0.09485018702734904,,,
-0.0367884209499012,0.020543443344911205,,,
0.07331107651573743,0.016606867090750044,,,
0.06836653395371312,-0.1057765914297012,,,
-0.06543112974071574,0.03440750571012674,,,
-0.040243476099621533,0.06094426251988766,,,
0.03344677179071226,-0.11408880801990073,,,
0.03742470309787721,0.017712057489344957,,,
0.06891895007277637,0.06586649836553121,,,
-0.07225075897200195,-0.13215697333520104,,,
-0.03672001779298273,-0.14868825518570605,,,
0.03399800689068633,0.050022874918151716,,,
0.05848642048475389,0.03460284496331495,,,
-0.046926597994847774,-0.1395582220205429,,,
-0.057819484845112235,0.03250366697882612,,,
0.04363163796400421,-0.1109807890857335,,,
0.024747061564207973,-0.07966339339277573,,,
-0.08217237116177578,0.027165771464839672,,,
0.05502721833768298,-0.045579269470517825,,,
0.028426244664965516,-0.009448228060984165,,,
0.021049336347240266,-0.014023889404033985,,,
-0.1123712203154994,-0.010007096786092906,,,
0.054358246044601766,-0.008937740421850526,,,
-0.10042253555817415,-0.012847222375170664,,,
0.0551564985475016,0.03370131791887926,,,
0.007770628103204558,-0.01220405048090517,,,
-0.0019100222882257878,0.023683118560401006,,,
-0.09048196236533634,0.017089400985926095,,,
0.05293173594397654,0.02237593333873017,,,
0.055146296766792835,2.4219358979338246e-05,,,
-0.015433958403447356,-0.02468375296879005,,,
-0.06876178140342737,0.04284293124526373,,,
-0.05648323547765266,0.04222328363081834,,,
-0.03666955806370731,-0.025853531356042903,,,
0.04766658632513604,0.0645473617782415,,,
-0.05155203029312072,-0.047597743117257285,,,
0.03565810816363607,0.06464610519323838,,,
-0.03408587075797587,-0.07225446532723212,,,
-0.04777500068033169,-0.08046403715783124,,,
-0.030553584594610994,-0.08175659296635629,,,
0.02760795973287128,0.06196336640597544,,,
-0.0010399405779439874,-0.09562676165583295,,,
0.006640498892200253,-0.09427114025745154,,,
-0.0180899624739449,,,,
0.0003922189972270784,,,,
-0.0435288683194518,,,,
0.008678847748049057,,,,
-0.012107858955344775,,,,
-0.061945242699877556,,,,
-0.02278401778115302,,,,
-0.024072875710511865,,,,
-0.00010872866160049899,,,,
0.010281976710995677,,,,
-0.006990465967641579,,,,
0.0260113300769077,,,,
-0.015405486584096073,,,,
-0.053857671008700314,,,,
-0.026574700715918054,,,,
0.02136721258838531,,,,
0.007024085561312232,,,,
-0.02654825502110253,,,,
-0.017761645817638227,,,,
-0.018644992899438106,,,,
0.01988057551852912,,,,
0.020036739594446573,,,,
0.007062455485668029,,,,
0.014285572082563258,,,,
-0.004696802719489357,,,,
0.01708775241797228,,,,
-0.005752101136343335,,,,
0.026018491232153718,,,,
0.01926863952499519,,,,
0.0005466242936649213,,,,
0.011015694225495531,,,,
0.026311775237796042,,,,
0.01974717375239965,,,,
0.008863104534756083,,,,
-0.016266777644991737,,,,
-0.011660508396222236,,,,
0.025455428268490288,,,,
-0.008196248043893739,,,,
-0.0275278813443412,,,,
-0.019541136551258387,,,,
-0.004238932831395814,,,,
0.0002394290873598548,,,,
0.019421711239375028,,,,
0.007122129136784394,,,,
-0.03037829213036014,,,,
-0.03146787358612502,,,,
-0.01375896587324138,,,,
-0.028859504884303555,,,,
-0.03471068073053907,,,,
-0.01825272253387783,,,,
-0.010010952277379304,,,,
-0.042326489519919686,,,,
-0.042082118357648635,,,,
-0.06818924061531184,,,,
-0.03142888123737464,,,,
-0.0621949098683362,,,,
-0.06396875263623791,,,,
-0.014978877119582734,,,,
-0.0692595730109713,,,,
-0.07097530080330794,,,,
-0.07511545838806888,,,,
-0.032887478078499566,,,,
-0.01716038772111883,,,,
-0.09725971532286593,,,,
-0.0761193618863204,,,,
-0.06455114743741908,,,,
-0.0304269919778819,,,,
-0.020954627814524285,,,,
-0.09742920458565762,,,,
-0.06783005459494906,,,,
-0.07914666322262964,,,,
-0.017018506721845295,,,,
-0.028875842452647182,,,,
-0.0300321439204293,,,,
-0.07865362250889663,,,,
-0.026034862986185514,,,,
-0.07395495674522812,,,,
-0.008462557888093025,,,,
-0.012527858180789553,,,,
-0.07416314141238978,,,,
-0.06986785908706605,,,,
-0.0008539727629504057,,,,
-0.07037445884364102,,,,
-0.014311002757123104,,,,
-0.07052481698106461,,,,
-0.05536820489213223,,,,
-0.07553888018367594,,,,
0.003306747751930128,,,,
-0.001668820088179257,,,,
-0.08036158033130736,,,,
-0.00011010595853022664,,,,
-0.08055791803380996,,,,
0.0027942362225374384,,,,
-0.06727007842796184,,,,
-0.0799474949557023,,,,
0.004938527012471383,,,,
0.017084897883694106,,,,
-0.05423505848258647,,,,
0.01737248075799669,,,,
-0.07317578498469857,,,,
0.015247946758578212,,,,
-0.04713271335858371,,,,
-0.06995314900972494,,,,
0.01618365864778587,,,,
0.01683178689158482,,,,
-0.06114559709035561,,,,
0.013494916872193341,,,,
0.014476288324379083,,,,
-0.051783882817769133,,,,
-0.055791126703855,,,,
0.01810957138128899,,,,
-0.049240791164378295,,,,
-0.039689479161178154,,,,
-0.05896256118291454,,,,
-0.03513152112759321,,,,
-0.06721311903732141,,,,
-0.035998622008849734,,,,
-0.06644129151786782,,,,
-0.03542052738893309,,,,
-0.023141550199078542,,,,
-0.022203524251629914,,,,
-0.030556990500418713,,,,
0.013549206137534853,,,,
0.019874987998199478,,,,
-0.020834412273333047,,,,
0.01760036498107742,,,,
0.017991025331581645,,,,
0.020148921610237458,,,,
0.017226781821440218,,,,
0.021536084074458894,,,,
0.021257380203612897,,,,
0.025122306595312338,,,,
0.04722657692874033,,,,
0.04656917611244704,,,,
0.042996646080412815,,,,
0.05009459933336985,,,,
0.015823195380515187,,,,
0.04743193012973468,,,,
0.021888620212677512,,,,
0.050426584509628836,,,,
0.028326783796565003,,,,
0.04947671818556426,,,,
0.04958056579036485,,,,
0.03868789995945365,,,,
-0.013444944456195262,,,,
0.052429425164755905,,,,
0.04345764725347312,,,,
0.04475940945007273,,,,
0.04979448613348281,,,,
0.0025158535519384517,,,,
0.05122832912483999,,,,
0.04905280743549251,,,,
-0.0072007956836893094,,,,
0.04869620348087805,,,,
0.04991510017509021,,,,
-0.015712742713563765,,,,
-0.012864975228450093,,,,
0.04927984607726327,,,,
0.04968374614251431,,,,
-0.01219046433633697,,,,
0.048843816983053345,,,,
0.05082459375398091,,,,
0.052346738964060946,,,,
0.001370568176309206,,,,
0.07505288148514627,,,,
0.05166666044100332,,,,
0.014049280125569275,,,,
0.0493084071351097,,,,
0.05311074725218162,,,,
0.013447172375137428,,,,
0.05988651409069168,,,,
0.049675438107111336,,,,
0.04258789661760021,,,,
0.05945207405664893,,,,
0.07686400229474583,,,,
0.015023449020649393,,,,
0.04388783080680808,,,,
0.0512593593382622,,,,
0.05383632658850934,,,,
0.022570725879399012,,,,
0.07445681090533801,,,,
0.05894595148092857,,,,
0.04640449154416304,,,,
0.0388429009914093,,,,
0.05745531607723142,,,,
0.07580834373170053,,,,
0.04308374455637115,,,,
0.04592289782491571,,,,
0.05468538104290249,,,,
0.07512058618094103,,,,
0.03752048888357257,,,,
0.0630636796053416,,,,
0.051739279322641774,,,,
0.04118235970987849,,,,
0.04393481326978077,,,,
0.07556643594261353,,,,
0.04017215442494243,,,,
0.06728971058011235,,,,
0.061255697416475574,,,,
0.03634280056983419,,,,
0.025278104497429954,,,,
0.07751557619802174,,,,
0.021403774148170962,,,,
0.07201797814683242,,,,
0.05448464815450982,,,,
0.04612701843973682,,,,
0.017227846815072778,,,,
0.06609170502315326,,,,
0.017789027481846076,,,,
0.05339741314363,,,,
0.026469119488909343,,,,
0.014750118280599522,,,,
0.07050751674963351,,,,
0.04452819665095836,,,,
0.02675643432772956,,,,
-0.02185252037462676,,,,
0.07217347474052016,,,,
0.04605231292556189,,,,
0.029727554459057948,,,,
0.07193236743287024,,,,
-0.024051119872588178,,,,
0.06406641869034246,,,,
0.04177450672487126,,,,
0.06157505747893249,,,,
0.04048272560408611,,,,
0.017112216879873576,,,,
0.014605602365739212,,,,
0.04413129000700711,,,,
0.07102749068777486,,,,
0.04571855692628335,,,,
0.019970075148377286,,,,
0.04941549577231363,,,,
0.07063511033231296,,,,
0.0421737485459176,,,,
0.018853880877872653,,,,
0.06799653075521339,,,,
0.059941933980052264,,,,
0.046543215093828916,,,,
0.06012459098204881,,,,
0.05321530918064388,,,,
0.019605422970650932,,,,
0.07637083105925269,,,,
0.03838437959692842,,,,
0.04236101754636268,,,,
0.06257640556935423,,,,
0.07530160566755256,,,,
0.07399331095399048,,,,
0.04019562268181465,,,,
0.05978334153623305,,,,
0.044544707924033033,,,,
0.08032858201711701,,,,
0.06030915283445809,,,,
0.05944847184464591,,,,
0.0572200005809918,,,,
0.039783700349178996,,,,
0.04405483311097819,,,,
0.07262561939967177,,,,
0.07172287578515057,,,,
0.07045079166571278,,,,
0.041930696360809205,,,,
0.03972369066914283,,,,
0.06201935967505473,,,,
0.04691327774949006,,,,
0.07979834797489099,,,,
0.04417038546190333,,,,
0.0489259139327074,,,,
0.018574207110623187,,,,
0.019190487196636075,,,,
0.07590022903488997,,,,
0.047500874316090624,,,,
0.024973566935990177,,,,
0.07874949746765625,,,,
0.01617465770469717,,,,
0.04483491268875872,,,,
0.03689705481888611,,,,
0.03885527725011717,,,,
0.035425042061741296,,,,
0.07841595908015336,,,,
0.03209804721129933,,,,
0.040420590679517754,,,,
0.024688675035413277,,,,
0.064657302004336,,,,
0.033516947275348374,,,,
0.04460745068808558,,,,
0.06586955685881651,,,,
0.03975445408968603,,,,
0.03356378293147322,,,,
0.04760990409756355,,,,
0.046352473876570766,,,,
0.05333664222044904,,,,
0.03393156705812422,,,,
0.03302271975798221,,,,
0.045798789863253475,,,,
0.0571469505340822,,,,
0.0037089759409114076,,,,
0.06773617868967874,,,,
0.02482450813331455,,,,
0.012054635505617861,,,,
0.012894796988513868,,,,
-0.042650361496093914,,,,
0.0118205456272239,,,,
0.07082888592476899,,,,
-0.0101461168635269,,,,
-0.015969303015564595,,,,
0.06574392850286076,,,,
-0.005637360190823337,,,,
-0.01063520380651961,,,,
-0.02813302523434208,,,,
-0.01400420491296317,,,,
0.06489709505191649,,,,
-0.004693337911873707,,,,
0.011448170909317434,,,,
-0.025931325005859596,,,,
0.06980047151560975,,,,
-0.03271294398337965,,,,
0.00035377698839655913,,,,
-0.030417019057406236,,,,
-0.016880188340694324,,,,
0.00033417441197691744,,,,
-0.05618846823896373,,,,
0.06378937524017453,,,,
0.015459803199378008,,,,
0.01662004191857064,,,,
-0.0539225019119427,,,,
0.02384137618346127,,,,
0.014021610276239105,,,,
0.06824483438916673,,,,
-0.09808745935796015,,,,
-0.0986007184449409,,,,
0.029033770500518974,,,,
0.03208404493567241,,,,
0.07132652181796295,,,,
0.03666985317373084,,,,
0.07717244518396693,,,,
-0.09372179383402801,,,,
0.02665325452708006,,,,
0.03382678320917748,,,,
-0.05830799847801116,,,,
0.07310482139457769,,,,
0.022977203827781345,,,,
0.0349304094135347,,,,
-0.0941295524481306,,,,
0.05318000780828985,,,,
0.07231854090155843,,,,
-0.06221975929338641,,,,
0.05077042747595234,,,,
0.06820462154569207,,,,
0.02419055911454654,,,,
0.052698983527825594,,,,
-0.0626924712061383,,,,
0.0373553834543901,,,,
0.04212978666935019,,,,
-0.027112724597778692,,,,
0.051989093349032234,,,,
0.0458137267293508,,,,
0.04132453565659788,,,,
0.055677686466004794,,,,
0.04871995548340291,,,,
-0.026392612028565354,,,,
0.058086272333918,,,,
0.035001205881717345,,,,
-0.06180030354369792,,,,
0.037528998255398016,,,,
0.050571317854302855,,,,
-0.0981121099459169,,,,
0.05578571280404171,,,,
0.0593739201355209,,,,
0.05415562552086417,,,,
0.028895021972570767,,,,
0.027741514956329094,,,,
-0.10110368022557803,,,,
0.05234258084064053,,,,
0.06132282005760725,,,,
0.05189028362394332,,,,
0.020869729987381735,,,,
0.07223285662001033,,,,
-0.09927614523645001,,,,
0.056637548200543564,,,,
-0.09475115502037257,,,,
0.07296346893282418,,,,
0.02622735473607163,,,,
0.05074948110167549,,,,
0.03387030227802956,,,,
0.07983092412372811,,,,
-0.09772519635590182,,,,
0.05121474691572314,,,,
0.03551074392360043,,,,
0.08046749971805767,,,,
0.04436642599744384,,,,
-0.1073374730759582,,,,
0.05356970347563755,,,,
0.08075522080895298,,,,
0.03901434431121481,,,,
0.03605583864766171,,,,
-0.10507259789433143,,,,
0.07937031992109395,,,,
-0.07467562399334826,,,,
0.04339140702837252,,,,
0.03882042591061435,,,,
0.041683825901769334,,,,
0.042314330230387,,,,
0.023114815551555035,,,,
-0.08171465714391213,,,,
0.08248113939082041,,,,
0.048520812386251666,,,,
-0.11736797376786867,,,,
0.0003094758203736614,,,,
0.07799230771000598,,,,
0.07896522476671386,,,,
-0.010176083323173046,,,,
-0.10887955997700327,,,,
0.0445213206781247,,,,
-0.02917371925072143,,,,
0.07415016790566586,,,,
0.05811277361859701,,,,
0.07145390263661971,,,,
-0.025956831423275428,,,,
0.010929360687000678,,,,
0.06814329394980345,,,,
0.038375688691866305,,,,
0.06939836474239269,,,,
0.06624178260274727,,,,
0.06996632820286952,,,,
0.034391094466719674,,,,
0.052758004223149635,,,,
0.027664949320139076,,,,
0.06858852584957731,,,,
0.03159889084652234,,,,
0.025645925985077256,,,,
0.0331880878034031,,,,
0.03642981744636037,,,,
0.06523879780752867,,,,
0.03908935037104949,,,,
0.03425531086208039,,,,
0.05788683316387233,,,,
0.04930373785433845,,,,
0.057104849834424265,,,,
0.04572999482626067,,,,
0.04458243193910877,,,,
0.05664014300780018,,,,
0.05436413667325424,,,,
0.06501341583450804,,,,
0.05799412330242609,,,,
0.061641491671359516,,,,
0.05916199429374919,,,,
0.05670779593273639,,,,
0.06060828891497677,,,,
0.05634029773703192,,,,
0.06241185531122895,,,,
0.058464769755288026,,,,
0.05527201934040926,,,,
0.06536803942548364,,,,
0.047115623094917125,,,,
0.04600381425022865,,,,
0.060275035434848356,,,,
0.038244830918814976,,,,
0.06339130574226115,,,,
0.06150719503841906,,,,
0.05291487681610063,,,,
0.0008812827920429145,,,,
0.06808109210206931,,,,
0.06254066079954557,,,,
0.06143631754234302,,,,
0.059905435746296976,,,,
0.01808487981001411,,,,
0.06006493249260936,,,,
0.06739994624287798,,,,
0.03331896094621911,,,,
0.060106140629056004,,,,
0.055834548823428476,,,,
0.061895198542615104,,,,
0.046842147904400444,,,,
0.057017106273729745,,,,
0.06180809606957849,,,,
0.05602548606062413,,,,
0.06605128405602617,,,,
0.06195292780116696,,,,
0.06023626338483867,,,,
0.06260508117239566,,,,
0.05742924018949275,,,,
0.05791298501628783,,,,
0.05721518899521394,,,,
0.05260674361874362,,,,
0.06449535549744295,,,,
0.05403571220840486,,,,
0.045691034233053984,,,,
0.06447496257983837,,,,
0.0571586587650425,,,,
0.01988230169832006,,,,
0.018196493738546426,,,,
0.051796890827160824,,,,
0.06890130532189342,,,,
0.05578524835815857,,,,
0.011841520339163303,,,,
0.06477134912461852,,,,
0.030322345975152487,,,,
0.05296129243324871,,,,
0.057758721502826016,,,,
0.03508441810265234,,,,
0.058021163032890344,,,,
0.048923524480234626,,,,
0.06985240214215704,,,,
0.04924105284161162,,,,
0.0753428427180835,,,,
0.05949269271261304,,,,
0.05150439699157894,,,,
0.0717046368238371,,,,
0.05850394541763182,,,,
0.057151339195706086,,,,
0.061931751098170174,,,,
0.06885019008615917,,,,
0.0597657077432131,,,,
0.06771661241436061,,,,
0.06822270162807509,,,,
0.06422462319680333,,,,
0.035690331960200716,,,,
0.030947259985372844,,,,
0.03941216931392988,,,,
0.04499111406280343,,,,
0.021533496353511317,,,,
0.037444392356165535,,,,
0.04012515092089536,,,,
0.01937521868604286,,,,
0.040352810892933466,,,,
0.021331849924293822,,,,
0.03814387675418407,,,,
0.011418420015383901,,,,
0.039998499525180975,,,,
0.0002808075675563848,,,,
0.037865864322003395,,,,
-0.0064029722693174085,,,,
-0.009023394496780135,,,,
0.0392882615354026,,,,
0.07195493246378715,,,,
-0.015166517177580274,,,,
0.03729179182131803,,,,
-0.033214777552326824,,,,
0.036874587676915926,,,,
-0.05068920643387542,,,,
-0.004292249479333765,,,,
0.036624264961827246,,,,
-0.06982116122654947,,,,
0.029779264849354115,,,,
-0.0045689860360256795,,,,
0.0286965643175775,,,,
-0.0054574923172236445,,,,
0.035668068653825324,,,,
0.0014506398716183644,,,,
0.03193169059396056,,,,
-0.003205174423736523,,,,
-0.004428280510777816,,,,
0.036745631276790314,,,,
0.016162796462337703,,,,
0.03761847519514472,,,,
-0.004098134725967428,,,,
0.01800604870658723,,,,
-0.02057202264203778,,,,
0.03330833855979598,,,,
0.019140922209859634,,,,
-0.02459548877733153,,,,
0.032561232117761685,,,,
0.017926013655091222,,,,
-0.008641960277699312,,,,
0.029178835224369815,,,,
0.025422557381414412,,,,
-0.010366303343632421,,,,
0.02483255859980038,,,,
0.019738876929592197,,,,
-0.013472623116691507,,,,
0.0319826770095607,,,,
-0.00771106658554277,,,,
0.04876458977016024,,,,
0.04887960631412369,,,,
-0.0161630262225555,,,,
0.03759383992550386,,,,
-0.002289840432575019,,,,
0.03621776135909338,,,,
0.015175905559329406,,,,
-0.03705230271619242,,,,
0.04481485543068875,,,,
0.03161667041632893,,,,
-0.028126382144211037,,,,
0.018434755187000884,,,,
0.04434252129033811,,,,
-0.025657887419546443,,,,
0.022060094471334835,,,,
0.020280785125151468,,,,
0.012508200330668573,,,,
-0.021001453004292958,,,,
0.02602420663788585,,,,
0.026711593677269163,,,,
0.0678264145818327,,,,
-0.014663037947517554,,,,
0.06194190674842759,,,,
0.049881946328716786,,,,
0.011685852598615876,,,,
0.046464426985669494,,,,
0.024780408653480968,,,,
0.05630928622407644,,,,
0.03834274616603722,,,,
0.06689463170188831,,,,
0.05274113516940154,,,,
0.04770418861222975,,,,
0.06484273378463506,,,,
0.0554515945458659,,,,
0.057517406909374846,,,,
0.05191856585268101,,,,
0.06777456539751031,,,,
0.06125554933757987,,,,
0.05418442207576635,,,,
0.05316601129179732,,,,
0.05312052483132618,,,,
0.05804895266324184,,,,
0.065104981056752,,,,
0.05568195580377189,,,,
-0.08636085950015171,,,,
0.05078321528073332,,,,
0.0567769682257549,,,,
0.047382108592229744,,,,
0.05573638541218173,,,,
0.05812482384888351,,,,
0.04921969029041251,,,,
0.058370997096112986,,,,
0.05798477715803557,,,,
0.06140524672349923,,,,
0.06216192291423639,,,,
0.050270429265452665,,,,
-0.0722158399900017,,,,
0.05065720344631963,,,,
0.05214328127944451,,,,
0.041367591139463644,,,,
-0.06219391186422707,,,,
0.05131277198271539,,,,
0.059294158501767225,,,,
0.05708013270814272,,,,
-0.0514017039154786,,,,
0.0672506786147441,,,,
0.06217387121406248,,,,
0.011671123871003164,,,,
0.042680180895841524,,,,
